disaggregated_status,countries,num_cases,pct_male_c,pct_fem_c,num_deaths,pct_male_d,pct_fem_d,share_pop
Both,83,18118826,0.524005937415592,0.47599699248174243,729723,0.5839430551044712,0.4160569694253847,0.7592410249651117
Cases only,42,1011360,0.5905151803512102,0.40948481964878974,360,0,0,0.11621321980933738
Deaths only,5,0,NaN,NaN,4525,0.5476842651933701,0.45231573480662984,0.011830242061651177
Total,130,19130186,0.5275220970564531,0.47248067794531634,734608,0.5834335445570972,0.41607642252738875,0.8872844868361003
