disaggregated_status,countries,cases_total,share_cases,deaths_total,share_deaths
Both,84,35280469,0.8783185054742938,1025377,0.9197105367251148
Cases only,39,2008316,0.04999766606390952,32964,0.02956701596837718
Deaths only,5,344886,0.008586046746686029,6790,0.0060902814714622324
Sub-Total,128,37633671,0.9369022182848894,1065131,0.9553678341649542
Countries w/o sex disaggregation,83,2534524,0.06309778171511067,49760,0.044632165835045756
Global Total,211,40168195,1,1114891,1
