disaggregated_status,countries,num_cases,pct_male_c,pct_fem_c,num_deaths,pct_male_d,pct_fem_d,share_pop
Both,72,8163457,0.5071392831247841,0.49270461940327487,394288,0.5812928975774054,0.41869450249563767,0.7064710299146167
Cases only,39,425813,0.6257963613135344,0.37396152301597174,0,NaN,NaN,0.1149458077010379
Deaths only,7,0,NaN,NaN,106866,0.5820386708588324,0.4176692998708663,0.047635050308734626
Total,118,8589270,0.5130217069436636,0.4868179312328056,501154,0.5814519261544356,0.41847588844945866,0.8690518879243893
