disaggregated_status,countries,cases_total,share_cases,deaths_total,share_deaths
Both,74,26176496,0.7365616761638064,813049,0.7797901694814469
Cases only,48,6877120,0.19351035502916955,178721,0.17141018423230783
Deaths only,5,233769,0.0065778584908819295,5387,0.005166637734006873
Sub-Total,127,33287385,0.9366498896838579,997157,0.9563669914477616
Countries w/o sex disaggregation,83,2251385,0.06335011031614206,45494,0.04363300855223848
Global Total,210,35538770,0.9999999999999999,1042651,1
