incgroup,total_ghcases,total_cases,share_cases,total_ghdeaths,total_deaths,share_deaths
Low income,194638,256362,0.759231087290628,2691,6483,0.4150856085145766
Lower middle income,8692007,9089063,0.9563149688807306,132816,156520,0.848556095067723
Upper middle income,11388139,12890312,0.8834649619031719,399444,437595,0.9128166455283996
High income,12778832,13301414,0.9607122972038913,431285,442005,0.9757468806913949
Not classified,0,1619,0,0,48,0
Total,33053616,35538770,0.930072031192976,966236,1042651,0.9267108553101661
