wbregion,total_ghcases,total_cases,share_cases,total_ghdeaths,total_deaths,share_deaths
East Asia & Pacific,2731573,3018806,0.9048521170290506,58514,66099,0.8852478857471369
Europe & Central Asia,29647884,37160255,0.7978385508926136,726343,838503,0.8662378071396286
Latin America & Caribbean,20466556,20796902,0.9841156149122595,641077,661150,0.9696392649171898
Middle East & North Africa,5415268,6436695,0.841311884437588,104409,134144,0.778335221851145
North America,29017236,29017236,1,522650,522650,1
South Asia,12482504,12563021,0.993590952367269,182032,182482,0.9975340033537554
Sub-Saharan Africa,2369348,2701113,0.8771747053899633,57423,69755,0.8232098057486918
Not classified,0,27,0,0,0,NaN
Total,102130369,111694055,0.9143760516170713,2292448,2474783,0.9263228331534522
