disaggregated_status,countries,cases_total,share_cases,deaths_total,share_deaths
Both,69,13147900,0.6890118233399657,534229,0.7475717830060494
Cases only,39,971826,0.05092825502393428,12831,0.01795502218664771
Deaths only,7,3238146,0.16969408648537154,132697,0.18568915743913889
Sub-Total,115,17357872,0.9096341648492715,679757,0.951215962631836
Countries w/o sex disaggregation,95,1724384,0.0903658351507285,34862,0.048784037368164015
Global Total,210,19082256,1,714619,1
