incgroup,total_ghcases,total_cases,share_cases,total_ghdeaths,total_deaths,share_deaths
Low income,96843,150894,0.6417949023818045,1606,4509,0.3561765358172544
Lower middle income,3105868,3402447,0.912833616511881,58196,72905,0.7982442905150539
Upper middle income,3250604,7370961,0.44100138367303804,241066,264490,0.9114371053726039
High income,7666411,8156537,0.9399100378015818,366058,372669,0.9822603972962602
Not classified,0,1417,0,0,46,0
Total,14119726,19082256,0.7399400783639,666926,714619,0.9332609404451883
