incgroup,total_ghcases,total_cases,share_cases,total_ghdeaths,total_deaths,share_deaths
Low income,15070,64883,0.23226422945918038,58,1361,0.0426157237325496
Lower middle income,340252,722468,0.47095788325572896,15289,19609,0.7796929981131113
Upper middle income,876690,2428429,0.3610111722434545,84124,97622,0.8617319866423552
High income,1814324,4126452,0.43968135337573294,294205,297786,0.9879745857763629
Not classified,0,1330,0,0,52,0
Total,3046336,7343562,0.414830840946124,393676,416430,0.9453593641188195
