disaggregated_status,countries,num_cases,pct_male_c,pct_fem_c,num_deaths,pct_male_d,pct_fem_d,share_pop
Both,43,1710081,0.487229605,0.513495384,147717,0.584576657,0.415423343,0.421882469
Cases only,27,207282,0.652556662,0.347443338,,,,0.085209321
Deaths only,10,,,,93891,0.560024603,0.439975397,0.268547615
Total,80,1917363,,,241608,,,0.775639406
