disaggregated_status,countries,cases_total,share_cases,deaths_total,share_deaths
Both,80,31162118,0.8768485234576211,960849,0.9215442175761592
Cases only,42,1891498,0.05322350773535494,30921,0.029656136137595417
Deaths only,5,233769,0.0065778584908819295,5387,0.005166637734006873
Sub-Total,127,33287385,0.936649889683858,997157,0.9563669914477615
Countries w/o sex disaggregation,83,2251385,0.06335011031614206,45494,0.04363300855223848
Global Total,210,35538770,1,1042651,1
