disaggregated_status,countries,cases_total,share_cases,deaths_total,share_deaths
Both,53,6682443,0.5561092145399021,376451,0.6853672790563458
Cases only,42,1110629,0.09242593177902707,22195,0.0404082516945249
Deaths only,8,2746401,0.228553973886736,122172,0.22242653417542224
Sub-Total,103,10539473,0.8770891202056652,520818,0.9482020649262929
Countries w/o sex disaggregation,107,1476949,0.12291087979433479,28451,0.05179793507370706
Global Total,210,12016422,1,549269,1
