disaggregated_status,countries,num_cases,pct_male_c,pct_fem_c,num_deaths,pct_male_d,pct_fem_d,share_pop
Both,47,2188290,0.4959751678251054,0.504145730227712,172682,0.5802895495766786,0.41764352972515956,0.4246406331041589
Cases only,34,266521,0.6460874002423824,0.35400024763527077,0,NaN,NaN,0.10825452919592349
Deaths only,10,0,NaN,NaN,114216,0.5506213665335855,0.4493976325558591,0.268547615281186
Total,91,2454811,0.5122729855781158,0.48784430247379534,286898,0.5684784487866769,0.4302850490418198,0.8014427775812684
