wbregion,total_ghcases,total_cases,share_cases,total_ghdeaths,total_deaths,share_deaths
East Asia & Pacific,711441,724089,0.982532533984082,18084,19546,0.9252020873836079
Europe & Central Asia,3111637,4449900,0.6992599833704128,198787,222088,0.8950821296062822
Latin America & Caribbean,7672342,7851791,0.9771454691038006,159095,297865,0.5341178050459101
Middle East & North Africa,1177711,1853946,0.6352455788895686,24830,47302,0.5249249503192254
North America,6432813,6432988,0.9999727964672094,198354,198363,0.9999546286353805
South Asia,5001644,5004767,0.9993759949264371,85385,85397,0.9998594798412123
Sub-Saharan Africa,921537,1056775,0.8720276312365451,16097,22548,0.7138992371828987
Not classified,0,1463,0,0,47,0
Total,25029125,27375719,0.9142819226044803,700632,893156,0.7844452704790652
