disaggregated_status,countries,cases_total,share_cases,deaths_total,share_deaths
Both,41,2376444,0.36698187855910547,189540,0.49034521296411276
Cases only,29,337419,0.05210586005036719,0,0
Deaths only,10,0,0,177266,0.4585920360942092
Total,80,2713863,0.4190877386094727,366806,0.9489372490583219
,131,881877,0.1361836753224853,15099,0.03906152986464671
Global Total,211,3595740,0.555271413931958,381905,0.9879987789229686
