disaggregated_status,countries,num_cases,pct_male_c,pct_fem_c,num_deaths,pct_male_d,pct_fem_d,share_pop
Both,64,5154403,0.5111667467406021,0.48883325325939786,311266,0.582072249779931,0.4179073753638367,0.5047262268451912
Cases only,48,1972826,0.617372750967394,0.38262724903260603,0,NaN,NaN,0.3175981295174082
Deaths only,7,0,NaN,NaN,89503,0.595902160821425,0.404097839178575,0.047635050308734626
Total,119,7127229,0.5405647030143131,0.45943529698568686,400769,0.5851608582500143,0.4148233171727354,0.869959406671334
