disaggregated_status,countries,cases_total,share_cases,deaths_total,share_deaths
Both,71,19557414,0.7144073183977377,696130,0.7794047176529072
Cases only,45,5471711,0.19987460420674247,146072,0.1635458979170492
Deaths only,5,166334,0.0060759682695457244,4502,0.0050405528261580285
Sub-Total,121,25195459,0.920357890874026,846704,0.9479911683961144
Countries w/o sex disaggregation,89,2180260,0.07964210912597401,46452,0.052008831603885544
Global Total,210,27375719,1,893156,1
