incgroup,total_ghcases,total_cases,share_cases,total_ghdeaths,total_deaths,share_deaths
Low income,96843,150894,0.6417949023818045,1606,4509,0.3561765358172544
Lower middle income,3105868,3402447,0.912833616511881,58196,72905,0.7982442905150539
Upper middle income,3263321,7370961,0.44272666752679873,241066,264490,0.9114371053726039
High income,7667374,8157500,0.9399171314741036,366052,372663,0.9822601116826731
Not classified,0,1417,0,0,46,0
Total,14133406,19083219,0.7406195988213519,666920,714613,0.933260380093841
