disaggregated_status,countries,cases_total,share_cases,deaths_total,share_deaths
Both,61,8843195,0.5713848284681512,430341,0.6797201140393135
Cases only,48,2558936,0.16534037838371507,55931,0.08834256019838418
Deaths only,7,2580747,0.16674965121934957,117834,0.1861178458889775
Sub-Total,116,13982878,0.9034748580712159,604106,0.9541805201266752
Countries w/o sex disaggregation,94,1493898,0.09652514192878413,29009,0.04581947987332475
Global Total,210,15476776,1,633115,1
