incgroup,total_ghcases,total_cases,share_cases,total_ghdeaths,total_deaths,share_deaths
Low income,61927,107269,0.5773056521455406,1154,3169,0.36415272956768696
Lower middle income,688324,1653907,0.4161805954022808,30557,41200,0.7416747572815534
Upper middle income,1679377,4509364,0.3724199244061912,144318,170758,0.8451609880649809
High income,5363444,5744740,0.9336269352485926,322594,334096,0.9655727695033762
Not classified,0,1142,0,0,46,0
Total,7793072,12016422,0.6485351463189292,498623,549269,0.907793813231768
