disaggregated_status,countries,cases_total,share_cases,deaths_total,share_deaths
Both,51,3073053,0.3269344788006382,224859,0.46606668725555017
Cases only,38,816900,0.08690796277585884,12369,0.025637305398778346
Deaths only,9,4284928,0.4558628511705659,223176,0.4625783223928981
Sub-Total,98,8174881,0.869705292747063,460404,0.9542823150472266
Countries w/o sex disaggregation,112,1224718,0.13029470725293707,22057,0.04571768495277338
Global Total,210,9399599,1,482461,1
