disaggregated_status,countries,num_cases,pct_male_c,pct_fem_c,num_deaths,pct_male_d,pct_fem_d,share_pop
Both,43,1905207,0.4911742713521418,0.5097182248438096,160488,0.5805029036438861,0.4195319899307114,0.42188246901576487
Cases only,30,231652,0.6477552967382108,0.35224470326178925,0,NaN,NaN,0.09073620301517792
Deaths only,10,0,NaN,NaN,106930,0.5512452071448611,0.4487547928551389,0.268547615281186
Total,83,2136859,0.5081488624190926,0.4926468803042222,267418,0.5688038950257649,0.4312170459729712,0.7811662873121288
