wbregion,total_ghcases,total_cases,share_cases,total_ghdeaths,total_deaths,share_deaths
East Asia & Pacific,946109,962547,0.9829223923611002,23832,25562,0.9323214145997966
Europe & Central Asia,4491580,6117270,0.7342458318825228,212195,240006,0.8841237302400773
Latin America & Caribbean,9474121,9692133,0.9775062929904078,341996,355571,0.9618219708581408
Middle East & North Africa,1987328,2459560,0.808001431150287,32645,58699,0.5561423533620675
North America,7627510,7627691,0.9999762706695906,219696,219705,0.9999590359800642
South Asia,7510556,7514289,0.9995032131449828,117522,117535,0.9998893946484027
Sub-Saharan Africa,1016412,1163661,0.8734605697020008,18350,25525,0.7189030362389814
Not classified,0,1619,0,0,48,0
Total,33053616,35538770,0.930072031192976,966236,1042651,0.9267108553101661
