disaggregated_status,countries,num_cases,pct_male_c,pct_fem_c,num_deaths,pct_male_d,pct_fem_d,share_pop
Both,87,20127543,0.5219227450712688,0.47807737975767833,778661,0.5832867196379425,0.41671276730181683,0.7610883328973287
Cases only,39,1100342,0.5828399182254245,0.41716008177457553,360,0,0,0.11436591187712039
Deaths only,5,0,NaN,NaN,5325,0.5536011643192488,0.4463988356807511,0.011830242061651177
Total,131,21227885,0.5250803711910066,0.47491974716746393,784346,0.5828174639763573,0.41672304556917483,0.8872844868361003
