disaggregated_status,countries,num_cases,pct_male_c,pct_fem_c,num_deaths,pct_male_d,pct_fem_d,share_pop
Both,53,2626223,0.5098338460976086,0.4901309257439296,193983,0.5847169231324395,0.4152093570055108,0.44252998641873575
Cases only,39,559245,0.5867214142281111,0.41344353047412136,0,NaN,NaN,0.10700348663717607
Deaths only,9,0,NaN,NaN,165597,0.5550745200698081,0.44485407102785673,0.26744313506896733
Total,101,3185468,0.5233323298491775,0.47666758460609243,359580,0.5710657383614217,0.4288616060403804,0.8169766081248792
