wbregion,total_ghcases,total_cases,share_cases,total_ghdeaths,total_deaths,share_deaths
East Asia & Pacific,222016,232202,0.9561330221100593,8178,9167,0.8921130140722155
Europe & Central Asia,1366345,2313568,0.5905791400987566,173198,185828,0.9320339238435542
Latin America & Caribbean,669572,1466741,0.4565032272228021,69923,71939,0.9719762576627421
Middle East & North Africa,396266,574331,0.6899610155119609,8805,13350,0.6595505617977528
North America,97114,2097719,0.04629504714406458,120884,120893,0.9999255540022995
South Asia,200727,511380,0.3925202393523407,11478,11909,0.9638088840372827
Sub-Saharan Africa,94296,146291,0.6445782720741535,1210,3292,0.3675577156743621
Not classified,0,1330,0,0,52,0
Total,3046336,7343562,0.414830840946124,393676,416430,0.9453593641188195
