disaggregated_status,countries,cases_total,share_cases,deaths_total,share_deaths
Both,41,2376444,0.36698187855910547,189540,0.49034521296411276
Cases only,29,337419,0.05210586005036719,4639,0.012001221077031334
Deaths only,10,2879904,0.44472858606804205,177266,0.4585920360942092
Sub-Total,80,5593767,0.8638163246775147,371445,0.9609384701353533
Countries w/o sex disaggregation,131,881877,0.1361836753224853,15099,0.03906152986464671
Global Total,211,6475644,1,386544,1
