wbregion,total_ghcases,total_cases,share_cases,total_ghdeaths,total_deaths,share_deaths
East Asia & Pacific,295431,306251,0.9646695031199898,9886,10937,0.9039041784767303
Europe & Central Asia,1558855,2815991,0.5535724368437257,182235,201340,0.9051107579219231
Latin America & Caribbean,1333348,3105081,0.4294084437732864,119869,135464,0.8848771629362783
Middle East & North Africa,661286,986025,0.6706584518648108,12428,23812,0.5219217201411053
North America,3161426,3161575,0.9999528715909001,141046,141055,0.9999361951012017
South Asia,465655,1235045,0.3770348448841945,29294,29305,0.999624637433885
Sub-Saharan Africa,317071,405312,0.7822887059845255,3865,7310,0.5287277701778386
Not classified,0,1142,0,0,46,0
Total,7793072,12016422,0.6485351463189292,498623,549269,0.907793813231768
