incgroup,total_ghcases,total_cases,share_cases,total_ghdeaths,total_deaths,share_deaths
Low income,156683,216014,0.7253372466599387,1987,5825,0.3411158798283262
Lower middle income,5799907,6187454,0.9373656757690643,95014,115980,0.8192274530091395
Upper middle income,8932218,10444238,0.8552292661274092,205576,364416,0.564124517035476
High income,10140317,10526550,0.9633086813818392,398055,406888,0.9782913234108649
Not classified,0,1463,0,0,47,0
Total,25029125,27375719,0.9142819226044803,700632,893156,0.7844452704790652
