wbregion,total_ghcases,total_cases,share_cases,total_ghdeaths,total_deaths,share_deaths
East Asia & Pacific,251121,261708,0.9595465174927782,8981,10020,0.8963073852295409
Europe & Central Asia,1464621,2574884,0.5688104784526216,179161,194572,0.9207953867976892
Latin America & Caribbean,1002594,2230865,0.449419395615602,95438,103212,0.9246793008564895
Middle East & North Africa,535697,768295,0.6972543098679543,10578,17887,0.5913792139542685
North America,102242,2483749,0.04116438496804629,130463,130472,0.999931019682384
South Asia,358404,833510,0.4299936413480342,21026,21060,0.9983855650522317
Sub-Saharan Africa,175274,245946,0.7126523708456328,2388,5192,0.45993836671802774
Not classified,0,642,0,0,46,0
Total,3889953,9399599,0.413842441576497,448035,482461,0.9286450096484483
