disaggregated_status,countries,num_cases,pct_male_c,pct_fem_c,num_deaths,pct_male_d,pct_fem_d,share_pop
Both,43,1710081,0.48722960491345146,0.5134953841367748,147717,0.5845766567152054,0.4154233432847946,0.42188246901576487
Cases only,27,207282,0.652556661938808,0.347443338061192,0,NaN,NaN,0.08520932147927354
Deaths only,10,0,NaN,NaN,93891,0.5600246029970924,0.43997539700290766,0.268547615281186
Total,80,1917363,0.5051027583196296,0.49554385371992676,241608,0.5750355120691367,0.4249644879308632,0.7756394057762244
