incgroup,total_ghcases,total_cases,share_cases,total_ghdeaths,total_deaths,share_deaths
Low income,210182,273927,0.7672920157560226,2745,6774,0.40522586359610274
Lower middle income,9847711,10260121,0.9598045676069512,148191,172876,0.8572097919896342
Upper middle income,12405714,14152444,0.8765775013842132,430190,472683,0.9101025422957881
High income,14824688,15479984,0.9576681733004375,451009,462509,0.9751356189825495
Not classified,490,1719,0.2850494473531123,32,49,0.6530612244897959
Total,37288785,40168195,0.9283161715382033,1032167,1114891,0.9258008181965771
