incgroup,total_ghcases,total_cases,share_cases,total_ghdeaths,total_deaths,share_deaths
Low income,440313,559779,0.7865836338983777,5264,13440,0.39166666666666666
Lower middle income,16412170,17201968,0.9540867649561957,248944,287660,0.8654105541263992
Upper middle income,28829265,34648684,0.8320450208152206,833395,943163,0.8836171478312869
High income,56448621,59283597,0.9521794198823664,1204845,1230520,0.9791348373045542
Not classified,0,27,0,0,0,NaN
Total,102130369,111694055,0.9143760516170713,2292448,2474783,0.9263228331534522
