disaggregated_status,countries,cases_total,share_cases,deaths_total,share_deaths
Both,69,13148850,0.6890268355668926,534223,0.7475696635801475
Cases only,40,984556,0.05159276325445932,13255,0.018548501076806608
Deaths only,7,3238146,0.1696855231813878,132697,0.18569071651369343
Sub-Total,116,17371552,0.9103051220027397,680175,0.9518088811706475
Countries w/o sex disaggregation,94,1711667,0.08969487799726032,34438,0.04819111882935239
Global Total,210,19083219,1,714613,0.9999999999999999
