disaggregated_status,countries,num_cases,pct_male_c,pct_fem_c,num_deaths,pct_male_d,pct_fem_d,share_pop
Both,55,4404883,0.5093283998235595,0.4906716001764405,281427,0.577289474712803,0.4226924971662278,0.478878289743336
Cases only,43,750490,0.5636546616210742,0.4363453383789257,0,NaN,NaN,0.12342802209035618
Deaths only,8,0,NaN,NaN,80155,0.5872093568710623,0.41279064312893765,0.22478205081290017
Total,106,5155373,0.5172369092983184,0.4827630907016815,361582,0.5794885005337655,0.4204974677943039,0.8270883626465924
