disaggregated_status,countries,num_cases,pct_male_c,pct_fem_c,num_deaths,pct_male_d,pct_fem_d,share_pop
Both,77,17961455,0.5242809609967567,0.47572199457115255,595135,0.5845039478437665,0.41549608223344286,0.7265177722995488
Cases only,48,1168731,0.5773329769639036,0.42266702303609643,134948,0.5799116770904349,0.41742062868660523,0.14893647247490016
Deaths only,5,0,NaN,NaN,4525,0.5476842651933701,0.45231573480662984,0.011830242061651177
Total,130,19130186,0.527522097056453,0.4724806779453164,734608,0.5834335445570971,0.41607642252738886,0.8872844868361002
