incgroup,total_ghcases,total_cases,share_cases,total_ghdeaths,total_deaths,share_deaths
Low income,82760,128878,0.6421576995297879,1489,3923,0.3795564618914096
Lower middle income,2182417,2426503,0.8994083254790948,14291,57103,0.25026706127523946
Upper middle income,2568505,5913792,0.43432454168154716,194869,219870,0.8862918997589485
High income,6568449,7006203,0.9375190813055231,337526,352173,0.9584096452595742
Not classified,0,1400,0,0,46,0
Total,11402131,15476776,0.7367252068518663,548175,633115,0.865837959928291
