disaggregated_status,countries,num_cases,pct_male_c,pct_fem_c,num_deaths,pct_male_d,pct_fem_d,share_pop
Both,100,77212707,0.4933826241838665,0.5066173758161335,1850820,0.5659745410142532,0.4340227574804681,0.8184485147560157
Cases only,36,1374389,0.5325078998740531,0.46749282772199136,0,NaN,NaN,0.07522516053464436
Deaths only,6,0,NaN,NaN,27128,0.5393320554408729,0.4606679445591271,0.011834472713691572
Total,142,78587096,0.4940668758138104,0.505933136910925,1877948,0.5655896755394718,0.4344076619799909,0.9055081480043515
