disaggregated_status,countries,cases_total,share_cases,deaths_total,share_deaths
Both,45,2639714,0.3594596191875278,200999,0.4826717575582931
Cases only,33,406622,0.05537122175859617,5544,0.013313161875945537
Deaths only,10,3299206,0.44926508416487804,192677,0.4626876065605264
Sub-Total,88,6345542,0.864095925111002,399220,0.958672525994765
Countries w/o sex disaggregation,123,998020,0.135904074888998,17210,0.041327474005234975
Global Total,211,7343562,1,416430,1
