wbregion,total_ghcases,total_cases,share_cases,total_ghdeaths,total_deaths,share_deaths
East Asia & Pacific,1060484,1085585,0.9768779045399485,26425,28239,0.935762597825702
Europe & Central Asia,5868713,7794469,0.7529330092915887,223591,254629,0.8781050076778372
Latin America & Caribbean,10283917,10513671,0.9781471191175756,366200,380535,0.9623293520963906
Middle East & North Africa,2211596,2750161,0.804169646795224,37255,65362,0.5699794987913467
North America,8352743,8352928,0.9999778520777385,229434,229443,0.9999607745714622
South Asia,8446277,8451815,0.9993447561263469,129197,129210,0.9998993885922143
Sub-Saharan Africa,1064565,1217847,0.8741368989700676,20033,27424,0.7304915402567095
Not classified,490,1719,0.2850494473531123,32,49,0.6530612244897959
Total,37288785,40168195,0.9283161715382033,1032167,1114891,0.9258008181965771
