wbregion,total_ghcases,total_cases,share_cases,total_ghdeaths,total_deaths,share_deaths
East Asia & Pacific,946109,962547,0.9829223923611002,23823,25562,0.9319693294734371
Europe & Central Asia,4491580,6117270,0.7342458318825228,212101,240006,0.8837320733648325
Latin America & Caribbean,9474121,9692133,0.9775062929904078,195321,355571,0.5493164515666351
Middle East & North Africa,1987328,2459560,0.808001431150287,31639,58699,0.5390040716196187
North America,7627510,7627691,0.9999762706695906,219696,219705,0.9999590359800642
South Asia,7510556,7514289,0.9995032131449828,117522,117535,0.9998893946484027
Sub-Saharan Africa,1016412,1163661,0.8734605697020008,18334,25525,0.7182761998041136
Not classified,0,1619,0,0,48,0
Total,33053616,35538770,0.930072031192976,818436,1042651,0.7849568072154537
